user_id,activity_id,action,timestamp,expire_at
user_546,activity_365220,follow,2025-10-07T08:06:55.128281,1761187015
user_703,activity_814227,save,2025-10-07T08:06:55.128296,1760495815
user_86,activity_823713,save,2025-10-07T08:06:55.128302,1760236615
user_619,activity_118788,view,2025-10-07T08:06:55.128307,1760323015
user_211,activity_451593,share,2025-10-07T08:06:55.128311,1760236615
user_385,activity_901246,view,2025-10-07T08:06:55.128316,1760927815
user_719,activity_171824,follow,2025-10-07T08:06:55.128320,1761100615
user_615,activity_782918,view,2025-10-07T08:06:55.128325,1760409415
user_274,activity_676106,save,2025-10-07T08:06:55.128329,1761187015
user_207,activity_558912,share,2025-10-07T08:06:55.128333,1760755015
user_494,activity_101028,share,2025-10-07T08:06:55.128336,1761705415
user_27,activity_491615,comment,2025-10-07T08:06:55.128340,1762396615
user_751,activity_644634,follow,2025-10-07T08:06:55.128343,1761705415
user_164,activity_456044,follow,2025-10-07T08:06:55.128347,1761014215
user_907,activity_493781,share,2025-10-07T08:06:55.128350,1761187015
user_368,activity_467554,comment,2025-10-07T08:06:55.128354,1761791815
user_125,activity_607968,share,2025-10-07T08:06:55.128357,1759977415
user_739,activity_479055,like,2025-10-07T08:06:55.128360,1762223815
user_100,activity_668013,follow,2025-10-07T08:06:55.128364,1761964615
user_343,activity_861656,like,2025-10-07T08:06:55.128368,1761273415
user_543,activity_110982,save,2025-10-07T08:06:55.128371,1761359815
user_764,activity_788685,comment,2025-10-07T08:06:55.128374,1761014215
user_226,activity_577191,save,2025-10-07T08:06:55.128378,1761446215
user_769,activity_721497,like,2025-10-07T08:06:55.128381,1761791815
user_260,activity_688969,save,2025-10-07T08:06:55.128385,1760668615
user_727,activity_988577,view,2025-10-07T08:06:55.128390,1759891015
user_941,activity_839819,view,2025-10-07T08:06:55.128393,1761964615
user_330,activity_706108,follow,2025-10-07T08:06:55.128397,1760841415
user_240,activity_147788,share,2025-10-07T08:06:55.128400,1760236615
user_188,activity_113139,like,2025-10-07T08:06:55.128404,1760841415
user_17,activity_805994,like,2025-10-07T08:06:55.128416,1761273415
user_311,activity_828534,view,2025-10-07T08:06:55.128420,1760582215
user_915,activity_996716,view,2025-10-07T08:06:55.128423,1760841415
user_607,activity_427350,share,2025-10-07T08:06:55.128427,1761791815
user_106,activity_310234,comment,2025-10-07T08:06:55.128430,1760755015
user_160,activity_797876,save,2025-10-07T08:06:55.128434,1761532615
user_364,activity_537656,comment,2025-10-07T08:06:55.128437,1760409415
user_327,activity_303907,save,2025-10-07T08:06:55.128441,1760409415
user_848,activity_342634,save,2025-10-07T08:06:55.128444,1761791815
user_658,activity_684095,save,2025-10-07T08:06:55.128449,1759891015
user_874,activity_864940,follow,2025-10-07T08:06:55.128453,1762051015
user_365,activity_208110,view,2025-10-07T08:06:55.128456,1760323015
user_532,activity_785186,save,2025-10-07T08:06:55.128459,1762396615
user_392,activity_683620,view,2025-10-07T08:06:55.128463,1760582215
user_925,activity_853859,like,2025-10-07T08:06:55.128466,1762051015
user_265,activity_950186,comment,2025-10-07T08:06:55.128470,1760495815
user_5,activity_310605,view,2025-10-07T08:06:55.128473,1761359815
user_349,activity_492919,save,2025-10-07T08:06:55.128478,1760668615
user_501,activity_290055,share,2025-10-07T08:06:55.128481,1760495815
user_499,activity_813033,follow,2025-10-07T08:06:55.128485,1760323015
user_309,activity_260290,share,2025-10-07T08:06:55.128488,1762137415
user_4,activity_132136,save,2025-10-07T08:06:55.128492,1760841415
user_640,activity_890642,like,2025-10-07T08:06:55.128495,1762396615
user_103,activity_121620,like,2025-10-07T08:06:55.128499,1760495815
user_958,activity_479550,comment,2025-10-07T08:06:55.128502,1761791815
user_290,activity_412737,share,2025-10-07T08:06:55.128506,1761187015
user_94,activity_549159,like,2025-10-07T08:06:55.128510,1762396615
user_484,activity_461729,like,2025-10-07T08:06:55.128514,1761791815
user_318,activity_285619,view,2025-10-07T08:06:55.128517,1760063815
user_183,activity_478036,like,2025-10-07T08:06:55.128521,1760063815
user_649,activity_239910,share,2025-10-07T08:06:55.128524,1761187015
user_795,activity_418527,view,2025-10-07T08:06:55.128527,1761273415
user_298,activity_635716,follow,2025-10-07T08:06:55.128531,1760841415
user_601,activity_286106,follow,2025-10-07T08:06:55.128535,1761964615
user_520,activity_977416,like,2025-10-07T08:06:55.128538,1761187015
user_643,activity_291538,comment,2025-10-07T08:06:55.128542,1760236615
user_644,activity_790312,share,2025-10-07T08:06:55.128545,1762223815
user_511,activity_519076,follow,2025-10-07T08:06:55.128548,1760150215
user_70,activity_174935,comment,2025-10-07T08:06:55.128552,1761187015
user_13,activity_726773,save,2025-10-07T08:06:55.128557,1762051015
user_237,activity_538272,save,2025-10-07T08:06:55.128561,1762396615
user_39,activity_656742,comment,2025-10-07T08:06:55.128565,1761100615
user_81,activity_163912,share,2025-10-07T08:06:55.128568,1760150215
user_598,activity_714312,like,2025-10-07T08:06:55.128571,1762310215
user_132,activity_579204,comment,2025-10-07T08:06:55.128576,1761359815
user_835,activity_419645,like,2025-10-07T08:06:55.128579,1762310215
user_292,activity_866443,follow,2025-10-07T08:06:55.128583,1761532615
user_393,activity_197388,view,2025-10-07T08:06:55.128587,1760668615
user_747,activity_992784,comment,2025-10-07T08:06:55.128590,1761446215
user_740,activity_854261,follow,2025-10-07T08:06:55.128593,1762137415
user_556,activity_198310,like,2025-10-07T08:06:55.128597,1760668615
user_314,activity_390671,comment,2025-10-07T08:06:55.128600,1761532615
user_850,activity_319578,like,2025-10-07T08:06:55.128604,1761705415
user_684,activity_643569,share,2025-10-07T08:06:55.128607,1761705415
user_429,activity_753066,comment,2025-10-07T08:06:55.128611,1760409415
user_488,activity_491684,view,2025-10-07T08:06:55.128614,1761878215
user_112,activity_815007,share,2025-10-07T08:06:55.128618,1762137415
user_211,activity_160519,like,2025-10-07T08:06:55.128621,1761705415
user_592,activity_400827,like,2025-10-07T08:06:55.128625,1761532615
user_686,activity_262331,like,2025-10-07T08:06:55.128628,1762051015
user_903,activity_987037,view,2025-10-07T08:06:55.128632,1761705415
user_232,activity_321050,comment,2025-10-07T08:06:55.128636,1761273415
user_548,activity_190751,view,2025-10-07T08:06:55.128639,1761100615
user_916,activity_663972,share,2025-10-07T08:06:55.128644,1761705415
user_281,activity_480117,view,2025-10-07T08:06:55.128647,1761532615
user_193,activity_446266,view,2025-10-07T08:06:55.128651,1761446215
user_542,activity_781400,share,2025-10-07T08:06:55.128654,1760841415
user_506,activity_848499,comment,2025-10-07T08:06:55.128657,1762137415
user_502,activity_152396,share,2025-10-07T08:06:55.128661,1761619015
user_887,activity_527988,comment,2025-10-07T08:06:55.128664,1762310215
user_601,activity_147101,like,2025-10-07T08:06:55.128668,1760409415
user_193,activity_113121,follow,2025-10-07T08:06:55.128671,1761878215
user_466,activity_226693,save,2025-10-07T08:06:55.128675,1760927815
user_605,activity_778069,comment,2025-10-07T08:06:55.128679,1761014215
user_35,activity_946031,follow,2025-10-07T08:06:55.128683,1760841415
user_405,activity_788865,share,2025-10-07T08:06:55.128686,1760755015
user_32,activity_550115,like,2025-10-07T08:06:55.128690,1761619015
user_859,activity_509587,save,2025-10-07T08:06:55.128694,1761705415
user_535,activity_620520,follow,2025-10-07T08:06:55.128698,1760150215
user_269,activity_877491,view,2025-10-07T08:06:55.128702,1761014215
user_898,activity_433542,like,2025-10-07T08:06:55.128705,1760668615
user_382,activity_388845,follow,2025-10-07T08:06:55.128709,1760063815
user_106,activity_188924,comment,2025-10-07T08:06:55.128712,1760841415
user_145,activity_210455,like,2025-10-07T08:06:55.128716,1760409415
user_767,activity_294165,save,2025-10-07T08:06:55.128720,1762137415
user_555,activity_274100,share,2025-10-07T08:06:55.128723,1761791815
user_66,activity_789210,share,2025-10-07T08:06:55.128727,1759891015
user_675,activity_799326,comment,2025-10-07T08:06:55.128730,1762137415
user_923,activity_760395,follow,2025-10-07T08:06:55.128734,1762396615
user_513,activity_838628,save,2025-10-07T08:06:55.128737,1760927815
user_713,activity_851722,save,2025-10-07T08:06:55.128741,1759891015
user_18,activity_783815,like,2025-10-07T08:06:55.128744,1760323015
user_840,activity_147620,like,2025-10-07T08:06:55.128748,1761187015
user_116,activity_140927,like,2025-10-07T08:06:55.128751,1760927815
user_338,activity_564261,share,2025-10-07T08:06:55.128755,1762310215
user_335,activity_220082,save,2025-10-07T08:06:55.128758,1761964615
user_797,activity_623966,like,2025-10-07T08:06:55.128762,1762310215
user_265,activity_735064,like,2025-10-07T08:06:55.128765,1761014215
user_985,activity_702904,share,2025-10-07T08:06:55.128768,1761705415
user_251,activity_213939,share,2025-10-07T08:06:55.128772,1761705415
user_512,activity_721686,save,2025-10-07T08:06:55.128775,1761705415
user_192,activity_784473,share,2025-10-07T08:06:55.128779,1759891015
user_645,activity_787455,save,2025-10-07T08:06:55.128782,1761359815
user_812,activity_331489,follow,2025-10-07T08:06:55.128785,1760063815
user_522,activity_719319,like,2025-10-07T08:06:55.128790,1761705415
user_619,activity_470666,like,2025-10-07T08:06:55.128794,1762137415
user_532,activity_619930,follow,2025-10-07T08:06:55.128798,1762310215
user_920,activity_743900,comment,2025-10-07T08:06:55.128801,1761705415
user_875,activity_576181,follow,2025-10-07T08:06:55.128804,1760323015
user_539,activity_450030,comment,2025-10-07T08:06:55.128808,1761791815
user_684,activity_925969,follow,2025-10-07T08:06:55.128812,1761878215
user_73,activity_639131,share,2025-10-07T08:06:55.128815,1761964615
user_623,activity_922364,view,2025-10-07T08:06:55.128819,1760755015
user_738,activity_212173,save,2025-10-07T08:06:55.128822,1761791815
user_739,activity_233919,share,2025-10-07T08:06:55.128825,1761187015
user_321,activity_437801,view,2025-10-07T08:06:55.128829,1761619015
user_146,activity_947138,view,2025-10-07T08:06:55.128832,1762310215
user_698,activity_719861,save,2025-10-07T08:06:55.128835,1760150215
user_254,activity_988803,view,2025-10-07T08:06:55.128839,1762137415
user_117,activity_498433,follow,2025-10-07T08:06:55.128842,1762310215
user_681,activity_602040,comment,2025-10-07T08:06:55.128846,1760063815
user_849,activity_775236,save,2025-10-07T08:06:55.128849,1761705415
user_540,activity_429475,view,2025-10-07T08:06:55.128852,1761791815
user_903,activity_136450,save,2025-10-07T08:06:55.128856,1759891015
user_606,activity_320447,view,2025-10-07T08:06:55.128859,1762223815
user_175,activity_720640,save,2025-10-07T08:06:55.128863,1761014215
user_158,activity_535591,share,2025-10-07T08:06:55.128866,1761359815
user_90,activity_460442,save,2025-10-07T08:06:55.128871,1760409415
user_764,activity_490956,follow,2025-10-07T08:06:55.128875,1761705415
user_401,activity_755407,share,2025-10-07T08:06:55.128878,1761878215
user_503,activity_646952,share,2025-10-07T08:06:55.128882,1761273415
user_480,activity_340982,save,2025-10-07T08:06:55.128885,1759977415
user_997,activity_565344,view,2025-10-07T08:06:55.128889,1760409415
user_388,activity_642288,share,2025-10-07T08:06:55.128892,1762310215
user_957,activity_414828,save,2025-10-07T08:06:55.128896,1760150215
user_236,activity_643188,save,2025-10-07T08:06:55.128899,1760150215
user_469,activity_668716,share,2025-10-07T08:06:55.128904,1759977415
user_74,activity_194604,share,2025-10-07T08:06:55.128907,1761964615
user_321,activity_491245,save,2025-10-07T08:06:55.128911,1760755015
user_390,activity_449742,like,2025-10-07T08:06:55.128914,1762223815
user_163,activity_199814,follow,2025-10-07T08:06:55.128918,1761532615
user_592,activity_546928,comment,2025-10-07T08:06:55.128921,1759891015
user_700,activity_937960,save,2025-10-07T08:06:55.128925,1760927815
user_483,activity_613667,follow,2025-10-07T08:06:55.128929,1759891015
user_727,activity_230145,view,2025-10-07T08:06:55.128932,1760150215
user_358,activity_398211,comment,2025-10-07T08:06:55.128936,1762223815
user_600,activity_552301,save,2025-10-07T08:06:55.128939,1761619015
user_327,activity_848087,view,2025-10-07T08:06:55.128942,1759891015
user_992,activity_151644,view,2025-10-07T08:06:55.128946,1760063815
user_16,activity_850063,follow,2025-10-07T08:06:55.128953,1761532615
user_372,activity_231336,share,2025-10-07T08:06:55.128957,1761791815
user_975,activity_880194,save,2025-10-07T08:06:55.128960,1761878215
user_316,activity_827087,like,2025-10-07T08:06:55.128964,1762223815
user_670,activity_617881,view,2025-10-07T08:06:55.128968,1762396615
user_539,activity_150609,comment,2025-10-07T08:06:55.128971,1759977415
user_183,activity_767876,like,2025-10-07T08:06:55.128975,1760495815
user_514,activity_996070,follow,2025-10-07T08:06:55.128978,1761532615
user_511,activity_879920,like,2025-10-07T08:06:55.128982,1762051015
user_452,activity_513605,save,2025-10-07T08:06:55.128985,1761014215
user_402,activity_392155,like,2025-10-07T08:06:55.128989,1762051015
user_930,activity_499721,follow,2025-10-07T08:06:55.128992,1761619015
user_97,activity_696802,save,2025-10-07T08:06:55.128996,1760582215
user_862,activity_477543,like,2025-10-07T08:06:55.128999,1760495815
user_984,activity_905634,comment,2025-10-07T08:06:55.129002,1760063815
user_895,activity_202935,follow,2025-10-07T08:06:55.129006,1761878215
user_890,activity_779806,share,2025-10-07T08:06:55.129009,1762051015
user_188,activity_309879,follow,2025-10-07T08:06:55.129013,1762396615
user_305,activity_929522,comment,2025-10-07T08:06:55.129017,1761619015
user_980,activity_710605,like,2025-10-07T08:06:55.129020,1760150215
user_919,activity_221373,comment,2025-10-07T08:06:55.129024,1760841415
user_828,activity_132512,follow,2025-10-07T08:06:55.129027,1761359815
user_50,activity_725120,follow,2025-10-07T08:06:55.129032,1760495815
user_817,activity_734577,like,2025-10-07T08:06:55.129037,1760495815
user_828,activity_271784,follow,2025-10-07T08:06:55.129040,1760495815
user_929,activity_915560,comment,2025-10-07T08:06:55.129044,1761791815
user_849,activity_993740,share,2025-10-07T08:06:55.129047,1761446215
user_214,activity_994784,view,2025-10-07T08:06:55.129051,1761878215
user_620,activity_780982,view,2025-10-07T08:06:55.129054,1761359815
user_332,activity_376132,follow,2025-10-07T08:06:55.129058,1760668615
user_818,activity_801624,view,2025-10-07T08:06:55.129062,1760582215
user_236,activity_905598,save,2025-10-07T08:06:55.129067,1761619015
user_666,activity_731968,save,2025-10-07T08:06:55.129071,1762051015
user_884,activity_914076,view,2025-10-07T08:06:55.129074,1760755015
user_348,activity_712848,share,2025-10-07T08:06:55.129078,1759891015
user_51,activity_217218,save,2025-10-07T08:06:55.129081,1760063815
user_214,activity_772576,save,2025-10-07T08:06:55.129085,1762137415
user_634,activity_154417,comment,2025-10-07T08:06:55.129088,1761791815
user_529,activity_766955,follow,2025-10-07T08:06:55.129092,1760323015
user_51,activity_333606,comment,2025-10-07T08:06:55.129095,1761619015
user_775,activity_435540,share,2025-10-07T08:06:55.129099,1760409415
user_343,activity_261559,save,2025-10-07T08:06:55.129102,1762051015
user_513,activity_249973,follow,2025-10-07T08:06:55.129105,1761705415
user_371,activity_416246,share,2025-10-07T08:06:55.129109,1761532615
user_480,activity_621461,view,2025-10-07T08:06:55.129113,1761014215
user_860,activity_856972,comment,2025-10-07T08:06:55.129117,1760668615
user_679,activity_498177,view,2025-10-07T08:06:55.129120,1760495815
user_731,activity_278382,follow,2025-10-07T08:06:55.129124,1760582215
user_453,activity_630600,comment,2025-10-07T08:06:55.129127,1760323015
user_800,activity_898182,like,2025-10-07T08:06:55.129131,1761014215
user_78,activity_318386,save,2025-10-07T08:06:55.129137,1760063815
user_505,activity_545272,share,2025-10-07T08:06:55.129140,1761964615
user_886,activity_264283,save,2025-10-07T08:06:55.129144,1761705415
user_77,activity_653635,share,2025-10-07T08:06:55.129147,1760927815
user_415,activity_657679,follow,2025-10-07T08:06:55.129151,1760150215
user_686,activity_244719,follow,2025-10-07T08:06:55.129155,1760927815
user_738,activity_446810,comment,2025-10-07T08:06:55.129158,1760755015
user_960,activity_667918,like,2025-10-07T08:06:55.129162,1760236615
user_753,activity_209175,like,2025-10-07T08:06:55.129165,1761100615
user_796,activity_643936,save,2025-10-07T08:06:55.129169,1761878215
user_160,activity_965941,view,2025-10-07T08:06:55.129172,1761705415
user_608,activity_136083,share,2025-10-07T08:06:55.129175,1759977415
user_826,activity_183156,comment,2025-10-07T08:06:55.129179,1760150215
user_399,activity_705144,follow,2025-10-07T08:06:55.129182,1761791815
user_447,activity_157646,view,2025-10-07T08:06:55.129186,1762223815
user_585,activity_393865,view,2025-10-07T08:06:55.129189,1762223815
user_432,activity_202119,like,2025-10-07T08:06:55.129194,1760323015
user_80,activity_462721,view,2025-10-07T08:06:55.129197,1760063815
user_817,activity_184747,comment,2025-10-07T08:06:55.129201,1761014215
user_629,activity_537428,share,2025-10-07T08:06:55.129204,1761705415
user_787,activity_513837,follow,2025-10-07T08:06:55.129208,1762223815
user_757,activity_641009,comment,2025-10-07T08:06:55.129211,1762051015
user_974,activity_325638,view,2025-10-07T08:06:55.129214,1761014215
user_429,activity_778328,like,2025-10-07T08:06:55.129218,1760409415
user_786,activity_731496,comment,2025-10-07T08:06:55.129221,1761100615
user_227,activity_176708,follow,2025-10-07T08:06:55.129225,1761014215
user_115,activity_483901,comment,2025-10-07T08:06:55.129228,1762051015
user_647,activity_180519,like,2025-10-07T08:06:55.129232,1761705415
user_771,activity_637343,save,2025-10-07T08:06:55.129235,1760668615
user_289,activity_639831,share,2025-10-07T08:06:55.129239,1762396615
user_440,activity_300911,view,2025-10-07T08:06:55.129242,1761878215
user_551,activity_810916,follow,2025-10-07T08:06:55.129246,1761878215
user_575,activity_614889,like,2025-10-07T08:06:55.129251,1760063815
user_972,activity_949703,like,2025-10-07T08:06:55.129254,1762310215
user_887,activity_977012,comment,2025-10-07T08:06:55.129258,1761446215
user_131,activity_145241,view,2025-10-07T08:06:55.129262,1761100615
user_413,activity_726502,view,2025-10-07T08:06:55.129265,1761964615
user_852,activity_985492,like,2025-10-07T08:06:55.129270,1761705415
user_927,activity_682592,follow,2025-10-07T08:06:55.129273,1759891015
user_216,activity_375547,share,2025-10-07T08:06:55.129277,1760409415
user_782,activity_716045,comment,2025-10-07T08:06:55.129280,1760323015
user_590,activity_416305,save,2025-10-07T08:06:55.129284,1760495815
user_55,activity_125017,save,2025-10-07T08:06:55.129287,1761878215
user_955,activity_747296,save,2025-10-07T08:06:55.129291,1761187015
user_196,activity_816788,view,2025-10-07T08:06:55.129295,1761791815
user_154,activity_286632,share,2025-10-07T08:06:55.129298,1759891015
user_230,activity_796445,view,2025-10-07T08:06:55.129302,1761359815
user_133,activity_856437,like,2025-10-07T08:06:55.129305,1759977415
user_401,activity_442917,follow,2025-10-07T08:06:55.129308,1759891015
user_64,activity_777659,share,2025-10-07T08:06:55.129312,1760236615
user_757,activity_144624,share,2025-10-07T08:06:55.129315,1760236615
user_230,activity_183471,like,2025-10-07T08:06:55.129319,1760582215
user_276,activity_644020,share,2025-10-07T08:06:55.129322,1760841415
user_424,activity_178883,save,2025-10-07T08:06:55.129325,1761100615
user_307,activity_505822,share,2025-10-07T08:06:55.129329,1759891015
user_701,activity_819318,like,2025-10-07T08:06:55.129332,1762396615
user_983,activity_767614,comment,2025-10-07T08:06:55.129335,1760668615
user_481,activity_885614,save,2025-10-07T08:06:55.129339,1762051015
user_481,activity_223957,comment,2025-10-07T08:06:55.129342,1761964615
user_793,activity_236245,view,2025-10-07T08:06:55.129347,1762137415
user_961,activity_155179,share,2025-10-07T08:06:55.129351,1762051015
user_289,activity_490579,save,2025-10-07T08:06:55.129354,1760668615
user_253,activity_806655,share,2025-10-07T08:06:55.129358,1761100615
user_229,activity_676938,like,2025-10-07T08:06:55.129361,1760409415
user_196,activity_951345,view,2025-10-07T08:06:55.129365,1760755015
user_644,activity_756127,share,2025-10-07T08:06:55.129369,1761187015
user_399,activity_660551,share,2025-10-07T08:06:55.129372,1760582215
user_926,activity_466595,view,2025-10-07T08:06:55.129376,1760063815
user_375,activity_258141,share,2025-10-07T08:06:55.129379,1761014215
user_163,activity_557735,share,2025-10-07T08:06:55.129383,1762137415
user_627,activity_743358,view,2025-10-07T08:06:55.129386,1760409415
user_788,activity_192849,share,2025-10-07T08:06:55.129390,1761619015
user_29,activity_809760,follow,2025-10-07T08:06:55.129393,1762310215
user_605,activity_682440,view,2025-10-07T08:06:55.129397,1761532615
user_685,activity_812877,save,2025-10-07T08:06:55.129400,1761014215
user_395,activity_966556,follow,2025-10-07T08:06:55.129404,1761187015
user_359,activity_271197,view,2025-10-07T08:06:55.129407,1761359815
user_288,activity_786248,share,2025-10-07T08:06:55.129411,1761532615
user_569,activity_490079,share,2025-10-07T08:06:55.129414,1761100615
user_603,activity_220966,comment,2025-10-07T08:06:55.129417,1760323015
user_288,activity_931621,view,2025-10-07T08:06:55.129421,1760927815
user_866,activity_101960,follow,2025-10-07T08:06:55.129426,1760323015
user_248,activity_868524,save,2025-10-07T08:06:55.129430,1761359815
user_14,activity_448446,save,2025-10-07T08:06:55.129434,1760841415
user_625,activity_333864,comment,2025-10-07T08:06:55.129437,1760323015
user_180,activity_734208,comment,2025-10-07T08:06:55.129441,1762396615
user_20,activity_379855,follow,2025-10-07T08:06:55.129444,1761619015
user_782,activity_541843,save,2025-10-07T08:06:55.129448,1760495815
user_200,activity_169937,save,2025-10-07T08:06:55.129451,1760409415
user_952,activity_829559,save,2025-10-07T08:06:55.129455,1762396615
user_185,activity_222023,like,2025-10-07T08:06:55.129458,1760150215
user_360,activity_836176,follow,2025-10-07T08:06:55.129461,1760668615
user_398,activity_828669,save,2025-10-07T08:06:55.129465,1760409415
user_529,activity_387813,follow,2025-10-07T08:06:55.129468,1761532615
user_439,activity_764977,follow,2025-10-07T08:06:55.129472,1760495815
user_857,activity_413017,view,2025-10-07T08:06:55.129476,1761014215
user_795,activity_684812,share,2025-10-07T08:06:55.129480,1761532615
user_902,activity_325282,save,2025-10-07T08:06:55.129483,1760755015
user_937,activity_186350,save,2025-10-07T08:06:55.129487,1761705415
user_846,activity_427248,view,2025-10-07T08:06:55.129490,1762223815
user_930,activity_287328,view,2025-10-07T08:06:55.129494,1761878215
user_557,activity_763914,view,2025-10-07T08:06:55.129498,1760236615
user_691,activity_334817,save,2025-10-07T08:06:55.129501,1760150215
user_230,activity_601701,like,2025-10-07T08:06:55.129506,1762223815
user_911,activity_380175,share,2025-10-07T08:06:55.129509,1761878215
user_164,activity_576124,view,2025-10-07T08:06:55.129513,1761446215
user_352,activity_473214,follow,2025-10-07T08:06:55.129516,1761791815
user_869,activity_894878,save,2025-10-07T08:06:55.129520,1762137415
user_206,activity_852964,save,2025-10-07T08:06:55.129523,1762137415
user_715,activity_469172,save,2025-10-07T08:06:55.129527,1762310215
user_355,activity_299827,save,2025-10-07T08:06:55.129530,1761705415
user_582,activity_562812,view,2025-10-07T08:06:55.129534,1760409415
user_591,activity_408876,follow,2025-10-07T08:06:55.129537,1762310215
user_535,activity_623001,comment,2025-10-07T08:06:55.129541,1760409415
user_900,activity_516700,view,2025-10-07T08:06:55.129544,1760927815
user_568,activity_872834,save,2025-10-07T08:06:55.129548,1762137415
user_417,activity_521443,save,2025-10-07T08:06:55.129551,1760063815
user_191,activity_647122,comment,2025-10-07T08:06:55.129555,1761187015
user_606,activity_205070,comment,2025-10-07T08:06:55.129558,1761273415
user_742,activity_199233,comment,2025-10-07T08:06:55.129562,1760409415
user_180,activity_320582,like,2025-10-07T08:06:55.129565,1760755015
user_433,activity_341821,save,2025-10-07T08:06:55.129569,1760755015
user_299,activity_837414,share,2025-10-07T08:06:55.129572,1761446215
user_378,activity_678910,save,2025-10-07T08:06:55.129575,1761878215
user_68,activity_391678,follow,2025-10-07T08:06:55.129580,1762051015
user_701,activity_632995,save,2025-10-07T08:06:55.129584,1762223815
user_204,activity_210234,like,2025-10-07T08:06:55.129588,1761446215
user_11,activity_877894,share,2025-10-07T08:06:55.129592,1760927815
user_222,activity_645442,share,2025-10-07T08:06:55.129595,1760841415
user_364,activity_977949,comment,2025-10-07T08:06:55.129599,1761791815
user_634,activity_851174,follow,2025-10-07T08:06:55.129602,1761446215
user_687,activity_744248,view,2025-10-07T08:06:55.129606,1761964615
user_827,activity_695637,share,2025-10-07T08:06:55.129609,1761619015
user_66,activity_752051,like,2025-10-07T08:06:55.129614,1760582215
user_758,activity_597288,share,2025-10-07T08:06:55.129617,1760495815
user_675,activity_115758,save,2025-10-07T08:06:55.129621,1761532615
user_761,activity_424464,like,2025-10-07T08:06:55.129624,1760495815
user_853,activity_283573,share,2025-10-07T08:06:55.129628,1762137415
user_609,activity_877745,like,2025-10-07T08:06:55.129632,1760150215
user_15,activity_229124,view,2025-10-07T08:06:55.129635,1761532615
user_171,activity_145409,comment,2025-10-07T08:06:55.129639,1761791815
user_846,activity_829601,save,2025-10-07T08:06:55.129642,1761878215
user_853,activity_320352,save,2025-10-07T08:06:55.129645,1761187015
user_926,activity_381031,comment,2025-10-07T08:06:55.129649,1761100615
user_448,activity_571299,share,2025-10-07T08:06:55.129652,1760409415
user_854,activity_404932,view,2025-10-07T08:06:55.129656,1760582215
user_126,activity_304996,comment,2025-10-07T08:06:55.129659,1760063815
user_720,activity_129670,follow,2025-10-07T08:06:55.129664,1760582215
user_167,activity_961780,save,2025-10-07T08:06:55.129667,1761705415
user_183,activity_517083,like,2025-10-07T08:06:55.129671,1761446215
user_287,activity_268274,share,2025-10-07T08:06:55.129674,1761187015
user_763,activity_180028,view,2025-10-07T08:06:55.129678,1760323015
user_623,activity_344357,like,2025-10-07T08:06:55.129681,1761446215
user_209,activity_744664,follow,2025-10-07T08:06:55.129685,1762051015
user_139,activity_603398,share,2025-10-07T08:06:55.129688,1760841415
user_851,activity_446647,share,2025-10-07T08:06:55.129691,1762396615
user_692,activity_714405,save,2025-10-07T08:06:55.129695,1761532615
user_666,activity_758065,save,2025-10-07T08:06:55.129698,1761878215
user_872,activity_495511,save,2025-10-07T08:06:55.129702,1761446215
user_513,activity_922673,share,2025-10-07T08:06:55.129708,1761619015
user_704,activity_392872,view,2025-10-07T08:06:55.129711,1761964615
user_165,activity_994744,follow,2025-10-07T08:06:55.129715,1760323015
user_295,activity_587373,like,2025-10-07T08:06:55.129718,1762310215
user_290,activity_929135,view,2025-10-07T08:06:55.129722,1761964615
user_612,activity_426876,follow,2025-10-07T08:06:55.129725,1760236615
user_825,activity_755302,comment,2025-10-07T08:06:55.129729,1762051015
user_901,activity_609202,like,2025-10-07T08:06:55.129732,1762310215
user_510,activity_304675,view,2025-10-07T08:06:55.129736,1761446215
user_638,activity_703984,view,2025-10-07T08:06:55.129740,1761446215
user_288,activity_311472,view,2025-10-07T08:06:55.129744,1760841415
user_191,activity_943421,comment,2025-10-07T08:06:55.129747,1761187015
user_954,activity_656845,comment,2025-10-07T08:06:55.129751,1760927815
user_851,activity_417823,view,2025-10-07T08:06:55.129755,1760755015
user_224,activity_654767,comment,2025-10-07T08:06:55.129758,1761878215
user_45,activity_838312,like,2025-10-07T08:06:55.129761,1762051015
user_744,activity_602634,view,2025-10-07T08:06:55.129765,1761532615
user_553,activity_471421,view,2025-10-07T08:06:55.129769,1761791815
user_196,activity_943162,save,2025-10-07T08:06:55.129772,1760409415
user_888,activity_866063,view,2025-10-07T08:06:55.129775,1760841415
user_216,activity_884843,follow,2025-10-07T08:06:55.129779,1761100615
user_971,activity_493324,share,2025-10-07T08:06:55.129782,1760841415
user_245,activity_693040,view,2025-10-07T08:06:55.129786,1762051015
user_294,activity_245041,view,2025-10-07T08:06:55.129789,1759891015
user_883,activity_911063,save,2025-10-07T08:06:55.129793,1761359815
user_298,activity_229280,view,2025-10-07T08:06:55.129797,1762137415
user_379,activity_593043,save,2025-10-07T08:06:55.129804,1762310215
user_153,activity_205920,share,2025-10-07T08:06:55.129807,1761532615
user_201,activity_896083,share,2025-10-07T08:06:55.129811,1762051015
user_715,activity_282404,view,2025-10-07T08:06:55.129815,1760841415
user_387,activity_680277,like,2025-10-07T08:06:55.129819,1761187015
user_60,activity_914979,follow,2025-10-07T08:06:55.129822,1760323015
user_862,activity_715751,follow,2025-10-07T08:06:55.129827,1761359815
user_818,activity_179835,like,2025-10-07T08:06:55.129830,1761014215
user_127,activity_213209,share,2025-10-07T08:06:55.129833,1761100615
user_938,activity_588535,save,2025-10-07T08:06:55.129837,1761791815
user_744,activity_327417,comment,2025-10-07T08:06:55.129841,1761878215
user_310,activity_182988,save,2025-10-07T08:06:55.129844,1762396615
user_410,activity_878607,save,2025-10-07T08:06:55.129848,1761619015
user_871,activity_437158,comment,2025-10-07T08:06:55.129851,1760841415
user_395,activity_509127,view,2025-10-07T08:06:55.129854,1759891015
user_328,activity_469975,share,2025-10-07T08:06:55.129858,1761446215
user_726,activity_872167,view,2025-10-07T08:06:55.129861,1761446215
user_958,activity_586198,share,2025-10-07T08:06:55.129864,1761359815
user_366,activity_258392,comment,2025-10-07T08:06:55.129868,1760582215
user_855,activity_436383,like,2025-10-07T08:06:55.129871,1762051015
user_340,activity_920039,share,2025-10-07T08:06:55.129875,1761014215
user_220,activity_900316,save,2025-10-07T08:06:55.129878,1760668615
user_297,activity_668247,like,2025-10-07T08:06:55.129881,1761187015
user_110,activity_693361,like,2025-10-07T08:06:55.129885,1762051015
user_383,activity_684975,save,2025-10-07T08:06:55.129888,1760236615
user_645,activity_584572,save,2025-10-07T08:06:55.129892,1762223815
user_84,activity_813534,share,2025-10-07T08:06:55.129896,1761705415
user_242,activity_933825,comment,2025-10-07T08:06:55.129900,1761705415
user_444,activity_666336,comment,2025-10-07T08:06:55.129903,1760236615
user_62,activity_575366,share,2025-10-07T08:06:55.129907,1762051015
user_560,activity_701369,like,2025-10-07T08:06:55.129910,1761705415
user_319,activity_526105,comment,2025-10-07T08:06:55.129914,1760582215
user_931,activity_824100,like,2025-10-07T08:06:55.129917,1760323015
user_597,activity_258059,save,2025-10-07T08:06:55.129920,1761187015
user_919,activity_510430,like,2025-10-07T08:06:55.129924,1761187015
user_290,activity_510345,save,2025-10-07T08:06:55.129927,1760755015
user_94,activity_608986,share,2025-10-07T08:06:55.129930,1761100615
user_934,activity_218712,like,2025-10-07T08:06:55.129936,1761273415
user_520,activity_246829,save,2025-10-07T08:06:55.129940,1760582215
user_267,activity_253133,comment,2025-10-07T08:06:55.129943,1762223815
user_186,activity_227353,view,2025-10-07T08:06:55.129947,1760150215
user_536,activity_922123,follow,2025-10-07T08:06:55.129950,1762137415
user_218,activity_540201,follow,2025-10-07T08:06:55.129954,1762223815
user_402,activity_613665,view,2025-10-07T08:06:55.129958,1760236615
user_348,activity_234339,share,2025-10-07T08:06:55.129962,1761791815
user_871,activity_677868,save,2025-10-07T08:06:55.129966,1760323015
user_241,activity_633879,comment,2025-10-07T08:06:55.129970,1760323015
user_740,activity_643377,share,2025-10-07T08:06:55.129974,1761619015
user_690,activity_656904,save,2025-10-07T08:06:55.129980,1761359815
user_132,activity_752428,follow,2025-10-07T08:06:55.129984,1762396615
user_551,activity_736071,comment,2025-10-07T08:06:55.129988,1761359815
user_831,activity_531084,comment,2025-10-07T08:06:55.129991,1761791815
user_599,activity_469351,share,2025-10-07T08:06:55.129995,1761187015
user_82,activity_201953,follow,2025-10-07T08:06:55.129998,1760755015
user_833,activity_666860,like,2025-10-07T08:06:55.130002,1762051015
user_729,activity_818942,view,2025-10-07T08:06:55.130005,1760063815
user_194,activity_274648,share,2025-10-07T08:06:55.130009,1762051015
user_791,activity_193171,share,2025-10-07T08:06:55.130012,1761532615
user_848,activity_298835,share,2025-10-07T08:06:55.130016,1759977415
user_531,activity_808685,comment,2025-10-07T08:06:55.130019,1761446215
user_785,activity_989239,share,2025-10-07T08:06:55.130023,1760927815
user_600,activity_323358,share,2025-10-07T08:06:55.130026,1761273415
user_180,activity_684898,view,2025-10-07T08:06:55.130029,1760409415
user_972,activity_460961,follow,2025-10-07T08:06:55.130033,1762051015
user_409,activity_275220,save,2025-10-07T08:06:55.130036,1760236615
user_744,activity_938078,save,2025-10-07T08:06:55.130040,1762051015
user_510,activity_723448,share,2025-10-07T08:06:55.130043,1761619015
user_626,activity_552201,comment,2025-10-07T08:06:55.130047,1761964615
user_684,activity_386099,like,2025-10-07T08:06:55.130050,1760668615
user_533,activity_463803,like,2025-10-07T08:06:55.130055,1760150215
user_588,activity_678293,comment,2025-10-07T08:06:55.130059,1762310215
user_149,activity_114981,like,2025-10-07T08:06:55.130062,1760755015
user_253,activity_739720,view,2025-10-07T08:06:55.130066,1761878215
user_777,activity_835584,save,2025-10-07T08:06:55.130069,1760668615
user_269,activity_601591,comment,2025-10-07T08:06:55.130073,1760323015
user_71,activity_790002,comment,2025-10-07T08:06:55.130077,1762051015
user_705,activity_990204,comment,2025-10-07T08:06:55.130080,1761359815
user_681,activity_921347,save,2025-10-07T08:06:55.130084,1762310215
user_973,activity_215864,comment,2025-10-07T08:06:55.130087,1760668615
user_886,activity_288658,follow,2025-10-07T08:06:55.130091,1761705415
user_959,activity_111623,like,2025-10-07T08:06:55.130094,1762137415
user_566,activity_891891,save,2025-10-07T08:06:55.130098,1760495815
user_123,activity_972453,save,2025-10-07T08:06:55.130101,1762051015
user_769,activity_477547,like,2025-10-07T08:06:55.130104,1760236615
user_358,activity_713979,like,2025-10-07T08:06:55.130108,1762310215
user_533,activity_960213,view,2025-10-07T08:06:55.130111,1761100615
user_102,activity_868201,share,2025-10-07T08:06:55.130115,1762310215
user_799,activity_442519,share,2025-10-07T08:06:55.130118,1761359815
user_924,activity_199437,view,2025-10-07T08:06:55.130122,1761532615
user_254,activity_901155,share,2025-10-07T08:06:55.130126,1760668615
user_501,activity_382032,save,2025-10-07T08:06:55.130129,1761619015
user_433,activity_305570,like,2025-10-07T08:06:55.130133,1760323015
user_459,activity_928561,comment,2025-10-07T08:06:55.130137,1760755015
user_419,activity_988529,follow,2025-10-07T08:06:55.130141,1761619015
user_636,activity_379049,view,2025-10-07T08:06:55.130144,1762223815
user_544,activity_656252,view,2025-10-07T08:06:55.130148,1760495815
user_191,activity_450279,share,2025-10-07T08:06:55.130151,1760582215
user_872,activity_561550,like,2025-10-07T08:06:55.130154,1761446215
user_54,activity_798368,follow,2025-10-07T08:06:55.130158,1761964615
user_251,activity_855887,view,2025-10-07T08:06:55.130161,1762223815
user_667,activity_596118,view,2025-10-07T08:06:55.130165,1761446215
user_409,activity_506034,comment,2025-10-07T08:06:55.130170,1761446215
user_330,activity_100257,follow,2025-10-07T08:06:55.130173,1762137415
user_679,activity_520959,like,2025-10-07T08:06:55.130177,1762051015
user_904,activity_580425,like,2025-10-07T08:06:55.130180,1760409415
user_275,activity_535585,follow,2025-10-07T08:06:55.130183,1761705415
user_760,activity_867011,share,2025-10-07T08:06:55.130187,1760150215
user_725,activity_579593,follow,2025-10-07T08:06:55.130190,1760063815
user_39,activity_919851,view,2025-10-07T08:06:55.130194,1760236615
user_845,activity_953219,follow,2025-10-07T08:06:55.130197,1761187015
user_46,activity_660708,save,2025-10-07T08:06:55.130201,1760668615
user_30,activity_157796,save,2025-10-07T08:06:55.130205,1761705415
user_324,activity_898540,view,2025-10-07T08:06:55.130209,1762310215
user_733,activity_567960,follow,2025-10-07T08:06:55.130212,1761014215
user_54,activity_986022,comment,2025-10-07T08:06:55.130219,1761532615
user_414,activity_226949,view,2025-10-07T08:06:55.130222,1761791815
user_926,activity_502590,comment,2025-10-07T08:06:55.130225,1760495815
user_481,activity_522472,save,2025-10-07T08:06:55.130229,1760323015
user_791,activity_556653,like,2025-10-07T08:06:55.130232,1761100615
user_993,activity_547091,like,2025-10-07T08:06:55.130236,1761446215
user_264,activity_464754,view,2025-10-07T08:06:55.130239,1759977415
user_50,activity_732453,save,2025-10-07T08:06:55.130243,1761187015
user_787,activity_319443,comment,2025-10-07T08:06:55.130246,1761100615
user_578,activity_111365,view,2025-10-07T08:06:55.130250,1761014215
user_59,activity_964472,follow,2025-10-07T08:06:55.130253,1761273415
user_414,activity_892449,comment,2025-10-07T08:06:55.130257,1762051015
user_607,activity_593616,save,2025-10-07T08:06:55.130260,1760063815
user_847,activity_774027,share,2025-10-07T08:06:55.130264,1761446215
user_30,activity_742241,follow,2025-10-07T08:06:55.130267,1760582215
user_11,activity_397709,comment,2025-10-07T08:06:55.130271,1760668615
user_275,activity_207302,follow,2025-10-07T08:06:55.130274,1760582215
user_486,activity_500053,share,2025-10-07T08:06:55.130278,1761705415
user_593,activity_139297,like,2025-10-07T08:06:55.130281,1762051015
user_539,activity_134756,comment,2025-10-07T08:06:55.130285,1761791815
user_571,activity_442977,view,2025-10-07T08:06:55.130289,1762310215
user_133,activity_704797,share,2025-10-07T08:06:55.130293,1761273415
user_473,activity_334788,save,2025-10-07T08:06:55.130296,1762223815
user_952,activity_993247,follow,2025-10-07T08:06:55.130300,1761273415
user_952,activity_158441,share,2025-10-07T08:06:55.130304,1760927815
user_114,activity_260791,follow,2025-10-07T08:06:55.130307,1762396615
user_541,activity_157494,share,2025-10-07T08:06:55.130311,1760755015
user_895,activity_451685,comment,2025-10-07T08:06:55.130314,1760841415
user_139,activity_155905,view,2025-10-07T08:06:55.130318,1760668615
user_226,activity_993783,like,2025-10-07T08:06:55.130321,1761964615
user_109,activity_783993,view,2025-10-07T08:06:55.130325,1761964615
user_452,activity_166804,save,2025-10-07T08:06:55.130328,1760841415
user_563,activity_715347,share,2025-10-07T08:06:55.130332,1761791815
user_129,activity_127276,follow,2025-10-07T08:06:55.130335,1760841415
user_42,activity_276785,share,2025-10-07T08:06:55.130338,1760495815
user_30,activity_923460,comment,2025-10-07T08:06:55.130342,1760755015
user_616,activity_304211,save,2025-10-07T08:06:55.130345,1760236615
user_317,activity_333023,share,2025-10-07T08:06:55.130348,1761359815
user_831,activity_534418,share,2025-10-07T08:06:55.130353,1761878215
user_875,activity_631994,save,2025-10-07T08:06:55.130356,1760841415
user_995,activity_540274,follow,2025-10-07T08:06:55.130360,1761705415
user_705,activity_920474,comment,2025-10-07T08:06:55.130363,1760841415
user_590,activity_409222,share,2025-10-07T08:06:55.130366,1761273415
user_249,activity_190757,share,2025-10-07T08:06:55.130370,1761964615
user_598,activity_259505,like,2025-10-07T08:06:55.130374,1760582215
user_68,activity_921693,view,2025-10-07T08:06:55.130378,1760323015
user_918,activity_690788,follow,2025-10-07T08:06:55.130382,1759891015
user_55,activity_203741,follow,2025-10-07T08:06:55.130385,1760927815
user_986,activity_614060,view,2025-10-07T08:06:55.130388,1761014215
user_873,activity_150453,like,2025-10-07T08:06:55.130392,1760409415
user_227,activity_789618,follow,2025-10-07T08:06:55.130396,1761187015
user_886,activity_820659,like,2025-10-07T08:06:55.130400,1761705415
user_519,activity_541617,follow,2025-10-07T08:06:55.130403,1760409415
user_996,activity_446741,like,2025-10-07T08:06:55.130406,1760323015
user_678,activity_162143,like,2025-10-07T08:06:55.130410,1761791815
user_196,activity_283403,share,2025-10-07T08:06:55.130419,1760755015
user_141,activity_707689,like,2025-10-07T08:06:55.130423,1761532615
user_26,activity_691714,view,2025-10-07T08:06:55.130427,1761014215
user_760,activity_501466,share,2025-10-07T08:06:55.130430,1760755015
user_688,activity_473398,like,2025-10-07T08:06:55.130434,1759977415
user_602,activity_149631,view,2025-10-07T08:06:55.130437,1760236615
user_123,activity_317737,follow,2025-10-07T08:06:55.130440,1760495815
user_89,activity_241827,comment,2025-10-07T08:06:55.130444,1762137415
user_17,activity_568492,share,2025-10-07T08:06:55.130447,1761791815
user_308,activity_536476,like,2025-10-07T08:06:55.130451,1762137415
user_673,activity_405351,save,2025-10-07T08:06:55.130455,1761619015
user_18,activity_546105,save,2025-10-07T08:06:55.130459,1761532615
user_626,activity_343652,like,2025-10-07T08:06:55.130462,1760495815
user_723,activity_322826,like,2025-10-07T08:06:55.130467,1760582215
user_322,activity_192083,follow,2025-10-07T08:06:55.130471,1762396615
user_798,activity_735125,comment,2025-10-07T08:06:55.130474,1762223815
user_628,activity_163532,save,2025-10-07T08:06:55.130477,1760409415
user_803,activity_705215,save,2025-10-07T08:06:55.130481,1760063815
user_38,activity_754497,comment,2025-10-07T08:06:55.130484,1761446215
user_486,activity_641904,comment,2025-10-07T08:06:55.130488,1760150215
user_558,activity_316478,save,2025-10-07T08:06:55.130491,1761187015
user_632,activity_766560,comment,2025-10-07T08:06:55.130494,1760755015
user_863,activity_561011,follow,2025-10-07T08:06:55.130498,1761619015
user_93,activity_726526,follow,2025-10-07T08:06:55.130501,1761791815
user_787,activity_723565,share,2025-10-07T08:06:55.130504,1760582215
user_33,activity_447990,follow,2025-10-07T08:06:55.130508,1760755015
user_941,activity_808963,share,2025-10-07T08:06:55.130511,1760409415
user_493,activity_517076,save,2025-10-07T08:06:55.130516,1760841415
user_36,activity_385854,like,2025-10-07T08:06:55.130519,1759977415
user_615,activity_197067,save,2025-10-07T08:06:55.130523,1761359815
user_936,activity_240078,comment,2025-10-07T08:06:55.130526,1762137415
user_517,activity_262277,share,2025-10-07T08:06:55.130530,1760236615
user_181,activity_248133,follow,2025-10-07T08:06:55.130533,1760150215
user_900,activity_682014,view,2025-10-07T08:06:55.130537,1760063815
user_667,activity_257420,like,2025-10-07T08:06:55.130540,1762396615
user_58,activity_229264,like,2025-10-07T08:06:55.130545,1760668615
user_537,activity_508489,share,2025-10-07T08:06:55.130550,1761273415
user_401,activity_906136,comment,2025-10-07T08:06:55.130553,1762051015
user_482,activity_408148,like,2025-10-07T08:06:55.130557,1762396615
user_498,activity_364589,like,2025-10-07T08:06:55.130560,1761187015
user_430,activity_999051,view,2025-10-07T08:06:55.130564,1760841415
user_190,activity_798586,like,2025-10-07T08:06:55.130567,1761791815
user_797,activity_311590,view,2025-10-07T08:06:55.130571,1761014215
user_863,activity_242974,view,2025-10-07T08:06:55.130575,1761619015
user_577,activity_111706,comment,2025-10-07T08:06:55.130578,1761359815
user_194,activity_422880,like,2025-10-07T08:06:55.130582,1761446215
user_350,activity_541324,share,2025-10-07T08:06:55.130585,1760755015
user_683,activity_882272,share,2025-10-07T08:06:55.130589,1761014215
user_853,activity_711574,comment,2025-10-07T08:06:55.130592,1759891015
user_787,activity_915103,view,2025-10-07T08:06:55.130595,1760409415
user_414,activity_522627,view,2025-10-07T08:06:55.130599,1761964615
user_128,activity_320574,like,2025-10-07T08:06:55.130602,1760323015
user_306,activity_981081,like,2025-10-07T08:06:55.130606,1761359815
user_234,activity_959847,save,2025-10-07T08:06:55.130609,1762310215
user_12,activity_590311,like,2025-10-07T08:06:55.130612,1761014215
user_389,activity_494098,follow,2025-10-07T08:06:55.130616,1759891015
user_768,activity_982083,save,2025-10-07T08:06:55.130619,1761619015
user_624,activity_336212,follow,2025-10-07T08:06:55.130623,1760409415
user_738,activity_951884,share,2025-10-07T08:06:55.130628,1761705415
user_827,activity_302744,share,2025-10-07T08:06:55.130632,1761532615
user_254,activity_384795,share,2025-10-07T08:06:55.130635,1761619015
user_877,activity_856641,follow,2025-10-07T08:06:55.130639,1761100615
user_837,activity_917355,follow,2025-10-07T08:06:55.130642,1761446215
user_339,activity_160081,comment,2025-10-07T08:06:55.130646,1761273415
user_31,activity_147150,share,2025-10-07T08:06:55.130649,1761273415
user_902,activity_904473,follow,2025-10-07T08:06:55.130653,1761359815
user_524,activity_335685,view,2025-10-07T08:06:55.130656,1761705415
user_2,activity_675303,comment,2025-10-07T08:06:55.130660,1760582215
user_38,activity_756105,like,2025-10-07T08:06:55.130663,1761187015
user_397,activity_650077,comment,2025-10-07T08:06:55.130667,1760409415
user_458,activity_950406,view,2025-10-07T08:06:55.130670,1761187015
user_478,activity_398970,save,2025-10-07T08:06:55.130673,1760927815
user_900,activity_332330,share,2025-10-07T08:06:55.130677,1761100615
user_529,activity_204446,comment,2025-10-07T08:06:55.130680,1759891015
user_165,activity_251399,comment,2025-10-07T08:06:55.130684,1761705415
user_413,activity_267447,follow,2025-10-07T08:06:55.130687,1762137415
user_922,activity_709909,view,2025-10-07T08:06:55.130690,1762223815
user_212,activity_517096,like,2025-10-07T08:06:55.130694,1762310215
user_500,activity_315019,share,2025-10-07T08:06:55.130697,1761705415
user_416,activity_265458,share,2025-10-07T08:06:55.130700,1760755015
user_330,activity_684631,like,2025-10-07T08:06:55.130705,1760409415
user_45,activity_501193,like,2025-10-07T08:06:55.130708,1761446215
user_589,activity_990420,comment,2025-10-07T08:06:55.130712,1762310215
user_629,activity_815311,save,2025-10-07T08:06:55.130715,1761791815
user_514,activity_719678,like,2025-10-07T08:06:55.130719,1761964615
user_195,activity_241332,share,2025-10-07T08:06:55.130723,1761705415
user_591,activity_462161,follow,2025-10-07T08:06:55.130727,1760150215
user_921,activity_897837,comment,2025-10-07T08:06:55.130730,1762137415
user_393,activity_135167,like,2025-10-07T08:06:55.130733,1761878215
user_756,activity_778090,follow,2025-10-07T08:06:55.130737,1761964615
user_206,activity_495088,follow,2025-10-07T08:06:55.130741,1761446215
user_942,activity_927712,save,2025-10-07T08:06:55.130745,1761273415
user_610,activity_636415,comment,2025-10-07T08:06:55.130749,1760495815
user_281,activity_104570,comment,2025-10-07T08:06:55.130752,1760236615
user_325,activity_800330,follow,2025-10-07T08:06:55.130756,1762137415
user_532,activity_205391,comment,2025-10-07T08:06:55.130760,1761187015
user_478,activity_205262,share,2025-10-07T08:06:55.130763,1759891015
user_995,activity_681970,save,2025-10-07T08:06:55.130768,1760495815
user_960,activity_848812,follow,2025-10-07T08:06:55.130771,1762223815
user_658,activity_434898,save,2025-10-07T08:06:55.130775,1760582215
user_875,activity_671323,follow,2025-10-07T08:06:55.130778,1760495815
user_181,activity_877808,like,2025-10-07T08:06:55.130783,1760409415
user_575,activity_701735,share,2025-10-07T08:06:55.130786,1760668615
user_485,activity_371544,share,2025-10-07T08:06:55.130790,1759977415
user_840,activity_927615,share,2025-10-07T08:06:55.130794,1761964615
user_374,activity_820504,view,2025-10-07T08:06:55.130797,1760582215
user_456,activity_961591,share,2025-10-07T08:06:55.130801,1761878215
user_796,activity_307263,comment,2025-10-07T08:06:55.130804,1759977415
user_175,activity_339549,save,2025-10-07T08:06:55.130808,1760323015
user_392,activity_146249,like,2025-10-07T08:06:55.130812,1759891015
user_45,activity_297812,like,2025-10-07T08:06:55.130815,1760063815
user_104,activity_657635,follow,2025-10-07T08:06:55.130819,1759977415
user_674,activity_235962,save,2025-10-07T08:06:55.130823,1761791815
user_448,activity_847908,share,2025-10-07T08:06:55.130827,1761705415
user_276,activity_275681,like,2025-10-07T08:06:55.130830,1761791815
user_507,activity_747982,share,2025-10-07T08:06:55.130834,1761100615
user_73,activity_693984,follow,2025-10-07T08:06:55.130837,1761446215
user_759,activity_125882,view,2025-10-07T08:06:55.130841,1760582215
user_642,activity_176746,like,2025-10-07T08:06:55.130844,1761619015
user_75,activity_850874,share,2025-10-07T08:06:55.130847,1760409415
user_716,activity_611403,share,2025-10-07T08:06:55.130851,1761791815
user_585,activity_533097,share,2025-10-07T08:06:55.130854,1760755015
user_944,activity_734684,save,2025-10-07T08:06:55.130858,1761100615
user_423,activity_619032,view,2025-10-07T08:06:55.130862,1761446215
user_606,activity_581882,like,2025-10-07T08:06:55.130867,1761014215
user_461,activity_604656,save,2025-10-07T08:06:55.130870,1760063815
user_809,activity_254067,save,2025-10-07T08:06:55.130874,1760495815
user_60,activity_995735,follow,2025-10-07T08:06:55.130877,1760323015
user_621,activity_498310,save,2025-10-07T08:06:55.130881,1760063815
user_998,activity_635800,view,2025-10-07T08:06:55.130885,1762137415
user_27,activity_281370,follow,2025-10-07T08:06:55.130889,1759891015
user_274,activity_168947,like,2025-10-07T08:06:55.130892,1759891015
user_380,activity_869131,like,2025-10-07T08:06:55.130896,1762396615
user_195,activity_922368,view,2025-10-07T08:06:55.130899,1760841415
user_807,activity_447559,like,2025-10-07T08:06:55.130902,1761100615
user_626,activity_637270,save,2025-10-07T08:06:55.130906,1761878215
user_970,activity_288103,share,2025-10-07T08:06:55.130910,1762223815
user_455,activity_950539,like,2025-10-07T08:06:55.130914,1762396615
user_272,activity_395726,save,2025-10-07T08:06:55.130918,1762223815
user_464,activity_731245,comment,2025-10-07T08:06:55.130921,1761187015
user_815,activity_451829,like,2025-10-07T08:06:55.130924,1761964615
user_110,activity_859564,view,2025-10-07T08:06:55.130928,1762223815
user_397,activity_621265,save,2025-10-07T08:06:55.130931,1760323015
user_303,activity_121425,view,2025-10-07T08:06:55.130935,1762051015
user_618,activity_982385,save,2025-10-07T08:06:55.130938,1759891015
user_379,activity_749998,like,2025-10-07T08:06:55.130942,1760323015
user_276,activity_221441,view,2025-10-07T08:06:55.130947,1761532615
user_431,activity_297443,save,2025-10-07T08:06:55.130950,1762051015
user_686,activity_922663,comment,2025-10-07T08:06:55.130954,1762051015
user_499,activity_693593,share,2025-10-07T08:06:55.130957,1761619015
user_272,activity_218305,save,2025-10-07T08:06:55.130961,1762310215
user_632,activity_762923,save,2025-10-07T08:06:55.130964,1761014215
user_592,activity_198130,save,2025-10-07T08:06:55.130968,1761791815
user_349,activity_203545,comment,2025-10-07T08:06:55.130971,1760927815
user_813,activity_219583,save,2025-10-07T08:06:55.130975,1761446215
user_96,activity_357059,share,2025-10-07T08:06:55.130979,1760755015
user_153,activity_401113,save,2025-10-07T08:06:55.130982,1760323015
user_852,activity_424364,follow,2025-10-07T08:06:55.130986,1761705415
user_456,activity_834392,view,2025-10-07T08:06:55.130989,1761878215
user_881,activity_865005,save,2025-10-07T08:06:55.130993,1760927815
user_544,activity_465407,save,2025-10-07T08:06:55.130996,1760323015
user_408,activity_966911,like,2025-10-07T08:06:55.131000,1761359815
user_208,activity_269676,comment,2025-10-07T08:06:55.131003,1761014215
user_542,activity_928624,like,2025-10-07T08:06:55.131007,1760409415
user_55,activity_385086,save,2025-10-07T08:06:55.131010,1761273415
user_370,activity_429446,share,2025-10-07T08:06:55.131014,1760323015
user_684,activity_707470,like,2025-10-07T08:06:55.131017,1761273415
user_36,activity_256981,like,2025-10-07T08:06:55.131021,1760236615
user_873,activity_447608,view,2025-10-07T08:06:55.131025,1762310215
user_189,activity_893384,save,2025-10-07T08:06:55.131029,1760755015
user_109,activity_749991,save,2025-10-07T08:06:55.131032,1761532615
user_385,activity_820202,like,2025-10-07T08:06:55.131036,1762310215
user_50,activity_724728,view,2025-10-07T08:06:55.131040,1761619015
user_225,activity_834199,like,2025-10-07T08:06:55.131043,1761359815
user_502,activity_272260,save,2025-10-07T08:06:55.131047,1761187015
user_747,activity_546577,save,2025-10-07T08:06:55.131051,1760323015
user_654,activity_188897,like,2025-10-07T08:06:55.131054,1760582215
user_466,activity_430430,save,2025-10-07T08:06:55.131058,1759891015
user_748,activity_924264,follow,2025-10-07T08:06:55.131062,1759977415
user_551,activity_495063,follow,2025-10-07T08:06:55.131065,1760927815
user_267,activity_621370,save,2025-10-07T08:06:55.131069,1760150215
user_220,activity_795142,like,2025-10-07T08:06:55.131073,1761532615
user_437,activity_815883,share,2025-10-07T08:06:55.131076,1762310215
user_362,activity_613213,view,2025-10-07T08:06:55.131080,1761014215
user_477,activity_376361,view,2025-10-07T08:06:55.131085,1759891015
user_258,activity_637082,follow,2025-10-07T08:06:55.131088,1761187015
user_195,activity_873608,follow,2025-10-07T08:06:55.131092,1760927815
user_592,activity_255834,view,2025-10-07T08:06:55.131096,1760409415
user_911,activity_145763,follow,2025-10-07T08:06:55.131100,1761791815
user_485,activity_353329,save,2025-10-07T08:06:55.131104,1760841415
user_92,activity_185457,save,2025-10-07T08:06:55.131107,1761014215
user_611,activity_667688,save,2025-10-07T08:06:55.131111,1761446215
user_49,activity_586853,share,2025-10-07T08:06:55.131114,1760236615
user_370,activity_548625,comment,2025-10-07T08:06:55.131118,1761791815
user_539,activity_109012,follow,2025-10-07T08:06:55.131121,1762223815
user_789,activity_755577,like,2025-10-07T08:06:55.131125,1760236615
user_822,activity_131524,save,2025-10-07T08:06:55.131129,1759977415
user_528,activity_203769,like,2025-10-07T08:06:55.131132,1760668615
user_382,activity_977357,share,2025-10-07T08:06:55.131136,1762051015
user_978,activity_565394,like,2025-10-07T08:06:55.131139,1760841415
user_19,activity_576351,share,2025-10-07T08:06:55.131142,1761619015
user_78,activity_349907,like,2025-10-07T08:06:55.131146,1761532615
user_285,activity_981171,comment,2025-10-07T08:06:55.131149,1762223815
user_971,activity_772893,like,2025-10-07T08:06:55.131153,1760323015
user_806,activity_527577,comment,2025-10-07T08:06:55.131156,1761359815
user_428,activity_585454,comment,2025-10-07T08:06:55.131160,1760668615
user_249,activity_514813,like,2025-10-07T08:06:55.131163,1761705415
user_567,activity_623441,like,2025-10-07T08:06:55.131167,1761100615
user_887,activity_813974,share,2025-10-07T08:06:55.131170,1761619015
user_993,activity_333341,view,2025-10-07T08:06:55.131174,1761359815
user_656,activity_218542,share,2025-10-07T08:06:55.131177,1760150215
user_300,activity_137954,view,2025-10-07T08:06:55.131181,1760927815
user_371,activity_606631,view,2025-10-07T08:06:55.131185,1760755015
user_401,activity_340046,comment,2025-10-07T08:06:55.131189,1761014215
user_547,activity_261032,save,2025-10-07T08:06:55.131192,1761791815
user_715,activity_441619,comment,2025-10-07T08:06:55.131195,1760927815
user_263,activity_813638,save,2025-10-07T08:06:55.131199,1761878215
user_16,activity_405742,comment,2025-10-07T08:06:55.131202,1760841415
user_816,activity_466622,like,2025-10-07T08:06:55.131207,1762051015
user_626,activity_369653,comment,2025-10-07T08:06:55.131210,1761187015
user_939,activity_559378,like,2025-10-07T08:06:55.131214,1762310215
user_754,activity_927282,follow,2025-10-07T08:06:55.131217,1762396615
user_761,activity_204627,view,2025-10-07T08:06:55.131221,1760582215
user_12,activity_584916,follow,2025-10-07T08:06:55.131224,1760236615
user_812,activity_699523,like,2025-10-07T08:06:55.131228,1761791815
user_195,activity_903743,share,2025-10-07T08:06:55.131231,1761791815
user_102,activity_543942,save,2025-10-07T08:06:55.131234,1759891015
user_541,activity_616253,save,2025-10-07T08:06:55.131238,1761532615
user_518,activity_688379,view,2025-10-07T08:06:55.131241,1761100615
user_750,activity_429416,view,2025-10-07T08:06:55.131245,1761964615
user_754,activity_830827,save,2025-10-07T08:06:55.131249,1762223815
user_644,activity_764471,comment,2025-10-07T08:06:55.131252,1761878215
user_386,activity_824912,view,2025-10-07T08:06:55.131255,1760236615
user_678,activity_889921,like,2025-10-07T08:06:55.131259,1759977415
user_415,activity_642034,view,2025-10-07T08:06:55.131263,1761791815
user_265,activity_817266,follow,2025-10-07T08:06:55.131267,1762310215
user_107,activity_125354,comment,2025-10-07T08:06:55.131270,1760236615
user_801,activity_996870,follow,2025-10-07T08:06:55.131274,1760668615
user_131,activity_104920,share,2025-10-07T08:06:55.131277,1761359815
user_396,activity_329692,like,2025-10-07T08:06:55.131282,1760755015
user_128,activity_550778,share,2025-10-07T08:06:55.131286,1760236615
user_278,activity_678739,share,2025-10-07T08:06:55.131290,1760755015
user_29,activity_581584,share,2025-10-07T08:06:55.131293,1759891015
user_55,activity_767906,comment,2025-10-07T08:06:55.131297,1762051015
user_103,activity_761338,like,2025-10-07T08:06:55.131300,1762310215
user_316,activity_625796,follow,2025-10-07T08:06:55.131303,1761619015
user_573,activity_472853,share,2025-10-07T08:06:55.131307,1760150215
user_141,activity_533482,share,2025-10-07T08:06:55.131310,1760755015
user_378,activity_422103,comment,2025-10-07T08:06:55.131314,1761532615
user_368,activity_262137,view,2025-10-07T08:06:55.131318,1761100615
user_362,activity_631201,like,2025-10-07T08:06:55.131322,1761446215
user_831,activity_378784,save,2025-10-07T08:06:55.131325,1761359815
user_276,activity_899710,share,2025-10-07T08:06:55.131329,1760582215
user_35,activity_403794,save,2025-10-07T08:06:55.131332,1761100615
user_593,activity_102100,like,2025-10-07T08:06:55.131336,1761878215
user_563,activity_558292,like,2025-10-07T08:06:55.131339,1761014215
user_338,activity_109703,follow,2025-10-07T08:06:55.131344,1760927815
user_656,activity_271644,save,2025-10-07T08:06:55.131348,1760323015
user_113,activity_789130,like,2025-10-07T08:06:55.131351,1762310215
user_309,activity_310202,follow,2025-10-07T08:06:55.131355,1761100615
user_379,activity_374753,share,2025-10-07T08:06:55.131358,1761791815
user_377,activity_720984,like,2025-10-07T08:06:55.131362,1761791815
user_203,activity_570476,view,2025-10-07T08:06:55.131365,1762223815
user_533,activity_933902,view,2025-10-07T08:06:55.131368,1760668615
user_81,activity_770692,view,2025-10-07T08:06:55.131372,1761446215
user_524,activity_458214,share,2025-10-07T08:06:55.131375,1761187015
user_633,activity_408527,save,2025-10-07T08:06:55.131379,1761619015
user_10,activity_593324,share,2025-10-07T08:06:55.131382,1762310215
user_38,activity_732840,follow,2025-10-07T08:06:55.131386,1760063815
user_400,activity_586890,view,2025-10-07T08:06:55.131389,1759891015
user_193,activity_474822,save,2025-10-07T08:06:55.131392,1761964615
user_856,activity_831077,view,2025-10-07T08:06:55.131396,1761791815
user_262,activity_978861,comment,2025-10-07T08:06:55.131399,1761100615
user_143,activity_948889,save,2025-10-07T08:06:55.131402,1761532615
user_819,activity_744234,follow,2025-10-07T08:06:55.131406,1762310215
user_227,activity_415566,follow,2025-10-07T08:06:55.131409,1760495815
user_46,activity_856290,follow,2025-10-07T08:06:55.131412,1760150215
user_530,activity_342288,comment,2025-10-07T08:06:55.131416,1761964615
user_223,activity_779502,view,2025-10-07T08:06:55.131419,1762396615
user_224,activity_811852,share,2025-10-07T08:06:55.131424,1761014215
user_343,activity_766150,share,2025-10-07T08:06:55.131428,1759891015
user_531,activity_986866,comment,2025-10-07T08:06:55.131432,1761791815
user_825,activity_739236,save,2025-10-07T08:06:55.131435,1761359815
user_139,activity_993795,share,2025-10-07T08:06:55.131439,1762223815
user_600,activity_349597,share,2025-10-07T08:06:55.131442,1762396615
user_777,activity_819900,share,2025-10-07T08:06:55.131446,1761532615
user_624,activity_227270,save,2025-10-07T08:06:55.131449,1762396615
user_979,activity_491803,like,2025-10-07T08:06:55.131453,1761359815
user_840,activity_348931,follow,2025-10-07T08:06:55.131456,1761878215
user_869,activity_879602,share,2025-10-07T08:06:55.131461,1761273415
user_481,activity_977341,save,2025-10-07T08:06:55.131464,1761014215
user_774,activity_271643,save,2025-10-07T08:06:55.131468,1759891015
user_732,activity_215760,like,2025-10-07T08:06:55.131471,1761532615
user_479,activity_228568,follow,2025-10-07T08:06:55.131475,1762051015
user_541,activity_402548,save,2025-10-07T08:06:55.131478,1760582215
user_640,activity_330913,share,2025-10-07T08:06:55.131481,1762396615
user_787,activity_361741,share,2025-10-07T08:06:55.131485,1761619015
user_625,activity_276899,follow,2025-10-07T08:06:55.131488,1760236615
user_330,activity_393150,share,2025-10-07T08:06:55.131492,1761446215
user_963,activity_630429,share,2025-10-07T08:06:55.131495,1761532615
user_361,activity_636693,like,2025-10-07T08:06:55.131500,1760150215
user_998,activity_492523,like,2025-10-07T08:06:55.131503,1761791815
user_512,activity_249186,comment,2025-10-07T08:06:55.131507,1761964615
user_735,activity_859397,view,2025-10-07T08:06:55.131510,1760236615
user_685,activity_446752,like,2025-10-07T08:06:55.131513,1760755015
user_244,activity_563229,comment,2025-10-07T08:06:55.131517,1760927815
user_980,activity_456134,view,2025-10-07T08:06:55.131520,1761273415
user_576,activity_405556,comment,2025-10-07T08:06:55.131524,1761964615
user_877,activity_269648,save,2025-10-07T08:06:55.131527,1760841415
user_702,activity_972581,view,2025-10-07T08:06:55.131530,1762137415
user_523,activity_604474,like,2025-10-07T08:06:55.131534,1761187015
user_238,activity_608630,follow,2025-10-07T08:06:55.131537,1761964615
user_579,activity_842098,like,2025-10-07T08:06:55.131541,1761446215
user_907,activity_254965,share,2025-10-07T08:06:55.131545,1762137415
user_959,activity_706104,view,2025-10-07T08:06:55.131548,1760841415
user_102,activity_623702,follow,2025-10-07T08:06:55.131552,1760150215
user_154,activity_750457,view,2025-10-07T08:06:55.131555,1759977415
user_108,activity_197418,comment,2025-10-07T08:06:55.131559,1760755015
user_825,activity_142828,comment,2025-10-07T08:06:55.131562,1760841415
user_471,activity_418966,view,2025-10-07T08:06:55.131566,1760668615
user_643,activity_684801,share,2025-10-07T08:06:55.131569,1760063815
user_362,activity_946075,save,2025-10-07T08:06:55.131573,1762310215
user_667,activity_697375,comment,2025-10-07T08:06:55.131577,1761446215
user_854,activity_260202,share,2025-10-07T08:06:55.131580,1762051015
user_908,activity_495346,view,2025-10-07T08:06:55.131584,1760582215
user_61,activity_426134,view,2025-10-07T08:06:55.131587,1762223815
user_968,activity_910849,like,2025-10-07T08:06:55.131591,1760668615
user_124,activity_233015,view,2025-10-07T08:06:55.131594,1761878215
user_382,activity_400389,view,2025-10-07T08:06:55.131598,1760409415
user_825,activity_252328,comment,2025-10-07T08:06:55.131601,1760495815
user_73,activity_811617,share,2025-10-07T08:06:55.131605,1761014215
user_725,activity_453349,comment,2025-10-07T08:06:55.131608,1762051015
user_1000,activity_749474,view,2025-10-07T08:06:55.131612,1761273415
user_388,activity_253875,comment,2025-10-07T08:06:55.131615,1761100615
user_182,activity_588204,follow,2025-10-07T08:06:55.131619,1762051015
user_17,activity_215246,like,2025-10-07T08:06:55.131623,1762051015
user_277,activity_257993,comment,2025-10-07T08:06:55.131626,1761446215
user_168,activity_394353,save,2025-10-07T08:06:55.131630,1759891015
user_405,activity_753812,comment,2025-10-07T08:06:55.131633,1760755015
user_294,activity_562944,save,2025-10-07T08:06:55.131637,1761532615
user_91,activity_547869,follow,2025-10-07T08:06:55.131641,1760063815
user_774,activity_600575,view,2025-10-07T08:06:55.131645,1761359815
user_906,activity_984548,view,2025-10-07T08:06:55.131649,1760236615
user_520,activity_836491,save,2025-10-07T08:06:55.131653,1762396615
user_407,activity_936807,comment,2025-10-07T08:06:55.131659,1759891015
user_717,activity_618205,share,2025-10-07T08:06:55.131664,1761619015
user_755,activity_616949,save,2025-10-07T08:06:55.131667,1762051015
user_910,activity_138000,view,2025-10-07T08:06:55.131671,1761532615
user_471,activity_654138,share,2025-10-07T08:06:55.131675,1761100615
user_356,activity_925372,follow,2025-10-07T08:06:55.131678,1760063815
user_695,activity_975591,follow,2025-10-07T08:06:55.131682,1760582215
user_898,activity_399295,comment,2025-10-07T08:06:55.131685,1761014215
user_608,activity_875797,view,2025-10-07T08:06:55.131689,1761878215
user_739,activity_839541,like,2025-10-07T08:06:55.131693,1760236615
user_125,activity_911693,follow,2025-10-07T08:06:55.131696,1760755015
user_441,activity_460925,follow,2025-10-07T08:06:55.131700,1762137415
user_323,activity_384680,view,2025-10-07T08:06:55.131704,1761705415
user_312,activity_834934,share,2025-10-07T08:06:55.131707,1761878215
user_208,activity_428126,save,2025-10-07T08:06:55.131711,1761273415
user_149,activity_974949,comment,2025-10-07T08:06:55.131714,1761964615
user_571,activity_106447,comment,2025-10-07T08:06:55.131718,1761014215
user_421,activity_120520,like,2025-10-07T08:06:55.131722,1761014215
user_535,activity_565514,follow,2025-10-07T08:06:55.131725,1760927815
user_90,activity_938253,view,2025-10-07T08:06:55.131729,1762051015
user_104,activity_527813,like,2025-10-07T08:06:55.131733,1761273415
user_974,activity_573499,view,2025-10-07T08:06:55.131737,1761100615
user_111,activity_676611,share,2025-10-07T08:06:55.131741,1759891015
user_944,activity_791777,share,2025-10-07T08:06:55.131745,1761964615
user_69,activity_447191,view,2025-10-07T08:06:55.131749,1760150215
user_545,activity_513569,comment,2025-10-07T08:06:55.131752,1761705415
user_465,activity_621894,save,2025-10-07T08:06:55.131757,1760495815
user_114,activity_187852,follow,2025-10-07T08:06:55.131760,1760755015
user_829,activity_424141,follow,2025-10-07T08:06:55.131764,1760150215
user_19,activity_727858,follow,2025-10-07T08:06:55.131767,1761187015
user_172,activity_808692,view,2025-10-07T08:06:55.131771,1761014215
user_846,activity_451316,view,2025-10-07T08:06:55.131774,1760927815
user_808,activity_965823,follow,2025-10-07T08:06:55.131791,1760927815
user_663,activity_848974,follow,2025-10-07T08:06:55.131794,1760063815
user_497,activity_253249,save,2025-10-07T08:06:55.131798,1761791815
user_687,activity_109519,like,2025-10-07T08:06:55.131801,1760927815
user_676,activity_799671,like,2025-10-07T08:06:55.131805,1760582215
user_134,activity_357003,save,2025-10-07T08:06:55.131808,1761964615
user_194,activity_581529,view,2025-10-07T08:06:55.131812,1761532615
user_888,activity_738450,comment,2025-10-07T08:06:55.131817,1760150215
user_35,activity_777497,follow,2025-10-07T08:06:55.131821,1761878215
user_424,activity_525020,follow,2025-10-07T08:06:55.131825,1762137415
user_35,activity_150867,view,2025-10-07T08:06:55.131829,1760927815
user_408,activity_441897,comment,2025-10-07T08:06:55.131833,1761705415
user_819,activity_617124,follow,2025-10-07T08:06:55.131837,1761359815
user_363,activity_522544,share,2025-10-07T08:06:55.131841,1760409415
user_423,activity_238047,share,2025-10-07T08:06:55.131844,1759891015
user_999,activity_379399,save,2025-10-07T08:06:55.131849,1760495815
user_943,activity_963255,comment,2025-10-07T08:06:55.131852,1761014215
user_19,activity_702641,share,2025-10-07T08:06:55.131856,1762051015
user_186,activity_890685,follow,2025-10-07T08:06:55.131859,1760323015
user_549,activity_693552,comment,2025-10-07T08:06:55.131862,1760668615
user_536,activity_421483,save,2025-10-07T08:06:55.131866,1761014215
user_782,activity_293215,follow,2025-10-07T08:06:55.131869,1761100615
user_148,activity_876977,save,2025-10-07T08:06:55.131873,1760755015
user_525,activity_102500,save,2025-10-07T08:06:55.131876,1761187015
user_41,activity_109529,like,2025-10-07T08:06:55.131879,1760063815
user_51,activity_157147,view,2025-10-07T08:06:55.131883,1761100615
user_240,activity_552180,share,2025-10-07T08:06:55.131886,1761532615
user_747,activity_850405,comment,2025-10-07T08:06:55.131889,1760409415
user_298,activity_228508,save,2025-10-07T08:06:55.131893,1761014215
user_88,activity_688133,follow,2025-10-07T08:06:55.131896,1761964615
user_127,activity_217897,save,2025-10-07T08:06:55.131899,1761791815
user_882,activity_684836,comment,2025-10-07T08:06:55.131903,1760236615
user_644,activity_369217,view,2025-10-07T08:06:55.131907,1762310215
user_730,activity_105628,follow,2025-10-07T08:06:55.131911,1761532615
user_746,activity_873179,like,2025-10-07T08:06:55.131914,1761964615
user_293,activity_279251,like,2025-10-07T08:06:55.131924,1760323015
user_263,activity_814165,like,2025-10-07T08:06:55.131927,1761187015
user_999,activity_507557,comment,2025-10-07T08:06:55.131931,1761273415
user_464,activity_206648,comment,2025-10-07T08:06:55.131934,1761100615
user_23,activity_371273,follow,2025-10-07T08:06:55.131938,1762396615
user_575,activity_206295,comment,2025-10-07T08:06:55.131941,1760323015
